Id,Label,class
@CFKargentina,@CFKargentina,0
EVA,EVA,1
PER√ìN,PER√ìN,1
√öNICA,√öNICA,1
IRREPETIBLE,IRREPETIBLE,1
TRASCENDI√ì,TRASCENDI√ì,1
DETRACTORES,DETRACTORES,1
ODIO,ODIO,1
MUERTE,MUERTE,1
AMOR,AMOR,1
ENTREGA,ENTREGA,1
HUMILDES,HUMILDES,1
PUSIERON,PUSIERON,1
SIEMPRE,SIEMPRE,1
CORAZ√ìN,CORAZ√ìN,1
PUEBLO,PUEBLO,1
HISTORIA,HISTORIA,1
NACI√ìN,NACI√ìN,1
VENCE,VENCE,1
MENTIRA,MENTIRA,1
EVITA100A√ëOS,EVITA100A√ëOS,1
PASANDO,PASANDO,1
AHORA,AHORA,1
@fernandosolanas,@fernandosolanas,0
SOCIO,SOCIO,1
MAS,MAS,1
GRANDE,GRANDE,1
MACRI,MACRI,1
DONALD,DONALD,1
TRUMP,TRUMP,1
ORDEN√ì,ORDEN√ì,1
FMI,FMI,1
AUTORICE,AUTORICE,1
ARGENTINA,ARGENTINA,1
VENDER,VENDER,1
CANTIDAD,CANTIDAD,1
D√ìLARES,D√ìLARES,1
NECESARIA,NECESARIA,1
FRENAR,FRENAR,1
CUALQUIER,CUALQUIER,1
CORRIDA,CORRIDA,1
CIENTO,CIENTO,1
POBLACI√ìN,POBLACI√ìN,1
VIVE,VIVE,1
POBREZA,POBREZA,1
BENEFICIARON,BENEFICIARON,1
GENTE,GENTE,1
MIL,MIL,1
MILLONES,MILLONES,1
PREST√ì,PREST√ì,1
RULETA,RULETA,1
FINANCIERA,FINANCIERA,1
ENERO,ENERO,1
CERRARON,CERRARON,1
LOCALES,LOCALES,1
CABA,CABA,1
GRAN,GRAN,1
BUENOS,BUENOS,1
AIRES,AIRES,1
A√ëO,A√ëO,1
VAMOS,VAMOS,1
TERMINAR,TERMINAR,1
TASA,TASA,1
INFLACI√ìN,INFLACI√ìN,1
ARRIBA,ARRIBA,1
C√ìMO,C√ìMO,1
HACE,HACE,1
PRODUCIR,PRODUCIR,1
FRACASO,FRACASO,1
POL√çTICA,POL√çTICA,1
ECON√ìMICA,ECON√ìMICA,1
CAMBIEMOS,CAMBIEMOS,1
SIDO,SIDO,1
ROTUNDO,ROTUNDO,1
TORPE,TORPE,1
HUNDE,HUNDE,1
INUNDACI√ìN,INUNDACI√ìN,1
MISMO,MISMO,1
PROVOC√ì,PROVOC√ì,1
DI√ì,DI√ì,1
CUENTA,CUENTA,1
FRENTE,FRENTE,1
ESTAFA,ESTAFA,1
GOBIERNO,GOBIERNO,1
PROMESAS,PROMESAS,1
INCUMPLIDAS,INCUMPLIDAS,1
RESULTADOS,RESULTADOS,1
NI√ëOS,NI√ëOS,1
DESARROLLO,DESARROLLO,1
CENTRO,CENTRO,1
PREOCUPACIONES,PREOCUPACIONES,1
HOY,HOY,1
NI√ëAS,NI√ëAS,1
ADOLESCENTES,ADOLESCENTES,1
SITUACI√ìN,SITUACI√ìN,1
EXTREMA,EXTREMA,1
AVANCE,AVANCE,1
POL√çTICAS,POL√çTICAS,1
NEOLIBERALES,NEOLIBERALES,1
LEGADO,LEGADO,1
PRESENTE,PRESENTE,1
BANDERA,BANDERA,1
LUCHA,LUCHA,1
FRENTEPATRI√ìTICO,FRENTEPATRI√ìTICO,1
NADIE,NADIE,1
VA,VA,1
APARTAR,APARTAR,1
OBJETIVO,OBJETIVO,1
COMPARTO,COMPARTO,1
ART√çCULO,ART√çCULO,1
REALIZADO,REALIZADO,1
COMPA√ëEROS,COMPA√ëEROS,1
INFOSUR,INFOSUR,1
ACTO,ACTO,1
PATRI√ìTICO,PATRI√ìTICO,1
EXCLUSIONES,EXCLUSIONES,1
REALIZAMOS,REALIZAMOS,1
PASADO,PASADO,1
JUEVES,JUEVES,1
INFORME,INFORME,1
BIODIVERSIDAD,BIODIVERSIDAD,1
IPBES,IPBES,1
LLAMADO,LLAMADO,1
DRAM√ÅTICO,DRAM√ÅTICO,1
CAMBIOS,CAMBIOS,1
ESTRUCTURALES,ESTRUCTURALES,1
MUNDIALES,MUNDIALES,1
SEXTA,SEXTA,1
EXTINCI√ìN,EXTINCI√ìN,1
ESPECIES,ESPECIES,1
VEGETALES,VEGETALES,1
ANIMALES,ANIMALES,1
MARCHA,MARCHA,1
PRIMERA,PRIMERA,1
CAUSADA,CAUSADA,1
SER,SER,1
HUMANO,HUMANO,1
MILL√ìN,MILL√ìN,1
AMENAZADAS,AMENAZADAS,1
MUCHAS,MUCHAS,1
PODR√çAN,PODR√çAN,1
DESAPARECER,DESAPARECER,1
PR√ìXIMAS,PR√ìXIMAS,1
D√âCADAS,D√âCADAS,1
SEG√öN,SEG√öN,1
ONU,ONU,1
LAMENTAMOS,LAMENTAMOS,1
CRUCIAL,CRUCIAL,1
TEMA,TEMA,1
AFUERA,AFUERA,1
AGENDA,AGENDA,1
MEDI√ÅTICA,MEDI√ÅTICA,1
ARMADOR,ARMADOR,1
PROPIETARIO,PROPIETARIO,1
REPUNTE,REPUNTE,1
HUNDI√ì,HUNDI√ì,1
MESES,MESES,1
COBR√ì,COBR√ì,1
SEGUROS,SEGUROS,1
CASCO,CASCO,1
BUQUE,BUQUE,1
VIDA,VIDA,1
TRABAJADORES,TRABAJADORES,1
FAMILIARES,FAMILIARES,1
V√çCTIMAS,V√çCTIMAS,1
A√öN,A√öN,1
COBRARON,COBRARON,1
CENTAVO,CENTAVO,1
SEGURO,SEGURO,1
INDEMNIZACI√ìN,INDEMNIZACI√ìN,1
NINGUNHUNDIMIENTOMAS,NINGUNHUNDIMIENTOMAS,1
SUFICIENTES,SUFICIENTES,1
HUNDIMIENTOS,HUNDIMIENTOS,1
BUQUES,BUQUES,1
PESQUEROS,PESQUEROS,1
ARGENTINOS,ARGENTINOS,1
MUERTES,MUERTES,1
PESCA,PESCA,1
√öLTIMOS,√öLTIMOS,1
A√ëOS,A√ëOS,1
DNU,DNU,1
PERMITIR√Å,PERMITIR√Å,1
FRESQUEROS,FRESQUEROS,1
MENOS,MENOS,1
METROS,METROS,1
ESLORA,ESLORA,1
ACTUALMENTE,ACTUALMENTE,1
ANTIG√úEDAD,ANTIG√úEDAD,1
PROMEDIO,PROMEDIO,1
LLEGUEN,LLEGUEN,1
QUIERE,QUIERE,1
ESPERAR,ESPERAR,1
SEGUIR,SEGUIR,1
SUMANDO,SUMANDO,1
FATALES,FATALES,1
C√ÅMARA,C√ÅMARA,1
INDUSTRIA,INDUSTRIA,1
NAVAL,NAVAL,1
MARDELPLATA,MARDELPLATA,1
SOSTIENE,SOSTIENE,1
PREVISTOS,PREVISTOS,1
PROYECTO,PROYECTO,1
LEY,LEY,1
SOLANAS,SOLANAS,1
LUENZO,LUENZO,1
RENOVACI√ìN,RENOVACI√ìN,1
FLOTA,FLOTA,1
PESQUERA,PESQUERA,1
PLAZO,PLAZO,1
BREVE,BREVE,1
DICEN,DICEN,1
DECRET√ì,DECRET√ì,1
INS√ìLITO,INS√ìLITO,1
SUM√ì,SUM√ì,1
U,U,1
S,S,1
DEUDA,DEUDA,1
PAGAR,PAGAR,1
CASI,CASI,1
SERVICIO,SERVICIO,1
REPROGRAMANDO,REPROGRAMANDO,1
AJUSTANDO,AJUSTANDO,1
REFORMA,REFORMA,1
LABORAL,LABORAL,1
JUBILACIONES,JUBILACIONES,1
DECIR,DECIR,1
OCTUBRE,OCTUBRE,1
PROPICIAMOS,PROPICIAMOS,1
ALIANZA,ALIANZA,1
AMPL√çSIMA,AMPL√çSIMA,1
FRENTEPATRIOTICO,FRENTEPATRIOTICO,1
EMERGENCIA,EMERGENCIA,1
NING√öN,NING√öN,1
ANTECEDENTE,ANTECEDENTE,1
PRESTADO,PRESTADO,1
DINERO,DINERO,1
LIQUIDADA,LIQUIDADA,1
SI,SI,1
INSISTE,INSISTE,1
MODELO,MODELO,1
DERROTAR,DERROTAR,1
RENUNCIEMOS,RENUNCIEMOS,1
NINGUNO,NINGUNO,1
PLANTEOS,PLANTEOS,1
CR√çTICOS,CR√çTICOS,1
@mauriciomacri,@mauriciomacri,0
D√çA,D√çA,1
SE√ëORA,SE√ëORA,1
LUJ√ÅN,LUJ√ÅN,1
PATRONA,PATRONA,1
PA√çS,PA√çS,1
QUIERO,QUIERO,1
SALUDAR,SALUDAR,1
ESPECIALMENTE,ESPECIALMENTE,1
VENERAN,VENERAN,1
FE,FE,1
ENCOMIENDAN,ENCOMIENDAN,1
VIVO,VIVO,1
TOLOSA,TOLOSA,1
PRESIDENTE,PRESIDENTE,1
RECORRE,RECORRE,1
NUEVO,NUEVO,1
TALLER,TALLER,1
MANTENIMIENTO,MANTENIMIENTO,1
L√çNEA,L√çNEA,1
TRENES,TRENES,1
ROCA,ROCA,1
RAMALES,RAMALES,1
EL√âCTRICOS,EL√âCTRICOS,1
CUENTAN,CUENTAN,1
FRENOS,FRENOS,1
AUTOM√ÅTICOS,AUTOM√ÅTICOS,1
INICIO,INICIO,1
RAMAD√ÅN,RAMAD√ÅN,1
TODA,TODA,1
COMUNIDAD,COMUNIDAD,1
ISL√ÅMICA,ISL√ÅMICA,1
MEJORES,MEJORES,1
DESEOS,DESEOS,1
CADA,CADA,1
BUENAS,BUENAS,1
OBRAS,OBRAS,1
BENDECIDA,BENDECIDA,1
MULTIPLICADA,MULTIPLICADA,1
BENEFICIO,BENEFICIO,1
RAMADANMUBARAK,RAMADANMUBARAK,1
CONVENCIDO,CONVENCIDO,1
PROFUNDO,PROFUNDO,1
MENTE,MENTE,1
ARGENTINO,ARGENTINO,1
DILEMA,DILEMA,1
RESPONDIDO,RESPONDIDO,1
CREEMOS,CREEMOS,1
COSAS,COSAS,1
F√ÅCILES,F√ÅCILES,1
BUSCAMOS,BUSCAMOS,1
INMEDIATOS,INMEDIATOS,1
AUNQUE,AUNQUE,1
FALSOS,FALSOS,1
SABEMOS,SABEMOS,1
HACER,HACER,1
PEQUE√ëO,PEQUE√ëO,1
COMPLEJO,COMPLEJO,1
HAR√Å,HAR√Å,1
PODEROSOS,PODEROSOS,1
LIBRES,LIBRES,1
DISYUNTIVA,DISYUNTIVA,1
CONOCEMOS,CONOCEMOS,1
CIRCUNSTANCIAS,CIRCUNSTANCIAS,1
VIVIMOS,VIVIMOS,1
VENIMOS,VENIMOS,1
MOMENTO,MOMENTO,1
OPORTUNIDAD,OPORTUNIDAD,1
INMENSA,INMENSA,1
PODEMOS,PODEMOS,1
DEFINIRNOS,DEFINIRNOS,1
ALL√Å,ALL√Å,1
GESTI√ìN,GESTI√ìN,1
ECONOM√çA,ECONOM√çA,1
DECLARAR,DECLARAR,1
CLASE,CLASE,1
PERSONA,PERSONA,1
AH√ç,AH√ç,1
VIADUCTO,VIADUCTO,1
POCOS,POCOS,1
VECINO,VECINO,1
RECORDAR√Å,RECORDAR√Å,1
PERIPECIAS,PERIPECIAS,1
VIVI√ì,VIVI√ì,1
PROPIEDADES,PROPIEDADES,1
APRECIADAS,APRECIADAS,1
VIAJAR√Å,VIAJAR√Å,1
R√ÅPIDO,R√ÅPIDO,1
DIFICULTADES,DIFICULTADES,1
ATRAVESARON,ATRAVESARON,1
OLVIDADAS,OLVIDADAS,1
CAMBIO,CAMBIO,1
DESPU√âS,DESPU√âS,1
GRANDES,GRANDES,1
SINCEROS,SINCEROS,1
PESADILLA,PESADILLA,1
VECINOS,VECINOS,1
SOPORTAR,SOPORTAR,1
MOVIMIENTO,MOVIMIENTO,1
M√ÅQUINAS,M√ÅQUINAS,1
RUIDOS,RUIDOS,1
POLVO,POLVO,1
CALLES,CALLES,1
CORTADAS,CORTADAS,1
DAR,DAR,1
RODEOS,RODEOS,1
DESV√çOS,DESV√çOS,1
OBLIGABA,OBLIGABA,1
LEVANTARSE,LEVANTARSE,1
TEMPRANO,TEMPRANO,1
IR,IR,1
TRABAJAR,TRABAJAR,1
ESCUELA,ESCUELA,1
BIEN,BIEN,1
D√çAS,D√çAS,1
INAUGURAR,INAUGURAR,1
JUNTO,JUNTO,1
CIUDAD,CIUDAD,1
MITRE,MITRE,1
OBRA,OBRA,1
MONUMENTAL,MONUMENTAL,1
PERMITIR,PERMITIR,1
ATRAVIESAN,ATRAVIESAN,1
CRUZAR,CRUZAR,1
ELEVADOS,ELEVADOS,1
SUCEDE,SUCEDE,1
TODAS,TODAS,1
CIUDADES,CIUDADES,1
MUNDO,MUNDO,1
VERDAD,VERDAD,1
COSA,COSA,1
ESCALA,ESCALA,1
DIARIA,DIARIA,1
CASA,CASA,1
DEFINITIVAMENTE,DEFINITIVAMENTE,1
DIF√çCIL,DIF√çCIL,1
CUANTO,CUANTO,1
QUER√âS,QUER√âS,1
DETERMINACI√ìN,DETERMINACI√ìN,1
CONFIANZA,CONFIANZA,1
NECESITA,NECESITA,1
QUED√ì,QUED√ì,1
AS√ç,AS√ç,1
PERSONAS,PERSONAS,1
CLOACAS,CLOACAS,1
HABLAMOS,HABLAMOS,1
5G,5G,1
SUPER,SUPER,1
R√ÅPIDOS,R√ÅPIDOS,1
CAMINO,CAMINO,1
F√ÅCIL,F√ÅCIL,1
DEJ√ì,DEJ√ì,1
PAS√ì,PAS√ì,1
PINTAR,PINTAR,1
FACHADA,FACHADA,1
EDIFICIO,EDIFICIO,1
INAUGURARLO,INAUGURARLO,1
USANDO,USANDO,1
CADENA,CADENA,1
NACIONAL,NACIONAL,1
DEJARLO,DEJARLO,1
PODRIDO,PODRIDO,1
ADENTRO,ADENTRO,1
VIMOS,VIMOS,1
CONSECUENCIAS,CONSECUENCIAS,1
GASTAR,GASTAR,1
PUNTO,PUNTO,1
PBI,PBI,1
CREAR,CREAR,1
ILUSI√ìN,ILUSI√ìN,1
CUYAS,CUYAS,1
EXPLOTAN,EXPLOTAN,1
DIRECCIONES,DIRECCIONES,1
SUCEDIENDO,SUCEDIENDO,1
VENEZUELA,VENEZUELA,1
EXTINGUI√ì,EXTINGUI√ì,1
MENTIRAS,MENTIRAS,1
DESTRUY√ì,DESTRUY√ì,1
RECURSOS,RECURSOS,1
MAL,MAL,1
ENSENADA,ENSENADA,1
DIJE,DIJE,1
USAR,USAR,1
GASTARLOS,GASTARLOS,1
FOMENTAR,FOMENTAR,1
CONSUMO,CONSUMO,1
FALSO,FALSO,1
CLIMA,CLIMA,1
CRECIMIENTO,CRECIMIENTO,1
INAUGURA,INAUGURA,1
OLEODUCTO,OLEODUCTO,1
A√ëELO,A√ëELO,1
NEUQU√âN,NEUQU√âN,1
CAMPANA,CAMPANA,1
LAGO,LAGO,1
PELLEGRINI,PELLEGRINI,1
TRIPLICAR√Å,TRIPLICAR√Å,1
CAPACIDAD,CAPACIDAD,1
ACTUAL,ACTUAL,1
TRANSPORTE,TRANSPORTE,1
PETR√ìLEO,PETR√ìLEO,1
UNIENDO,UNIENDO,1
√ÅREAS,√ÅREAS,1
VACA,VACA,1
MUERTA,MUERTA,1
@RLavagna,@RLavagna,0
CENTENARIO,CENTENARIO,1
NACIMIENTO,NACIMIENTO,1
ABANDERADA,ABANDERADA,1
RECUERDO,RECUERDO,1
MUJER,MUJER,1
MARC√ì,MARC√ì,1
VOTO,VOTO,1
FEMENINO,FEMENINO,1
DERECHOS,DERECHOS,1
FIGURA,FIGURA,1
RESPUESTA,RESPUESTA,1
ENVIADA,ENVIADA,1
SR,SR,1
USTEDES,USTEDES,1
CONSENSO19,CONSENSO19,1
PREPARANDO,PREPARANDO,1
MAURICIOMACRI,MAURICIOMACRI,1
CORREO,CORREO,1
ENVIAR√â,ENVIAR√â,1
CONSIDERACIONES,CONSIDERACIONES,1
PUNTOS,PUNTOS,1
PLANTEA,PLANTEA,1
HICE,HICE,1
SEMANA,SEMANA,1
PASADA,PASADA,1
TELEFONO,TELEFONO,1
INCLUIR√â,INCLUIR√â,1
ADEM√ÅS,ADEM√ÅS,1
√öLTIMA,√öLTIMA,1
VERSI√ìN,VERSI√ìN,1
DOCUMENTO,DOCUMENTO,1
PROPUESTA,PROPUESTA,1
CAMBIAR,CAMBIAR,1
DURA,DURA,1
REALIDAD,REALIDAD,1
RESULTADO,RESULTADO,1
DIALOGO,DIALOGO,1
REAL,REAL,1
REFLEXI√ìN,REFLEXI√ìN,1
COMPARTIDA,COMPARTIDA,1
SEGUIREMOS,SEGUIREMOS,1
DIALOGANDO,DIALOGANDO,1
RECIBIENDO,RECIBIENDO,1
APORTES,APORTES,1
TRANSFORMAR,TRANSFORMAR,1
MANERA,MANERA,1
MARKETING,MARKETING,1
LINK,LINK,1
DOC,DOC,1
GRADO,GRADO,1
ELABORAMOS,ELABORAMOS,1
MIGUELPICHETTO,MIGUELPICHETTO,1
STOLBIZER,STOLBIZER,1
RICALFONSIN,RICALFONSIN,1
MIGUELLIFSCHITZ,MIGUELLIFSCHITZ,1
ACTORES,ACTORES,1
ALEGRA,ALEGRA,1
HABER,HABER,1
INICIADO,INICIADO,1
CONSENSO,CONSENSO,1
BORRADOR,BORRADOR,1
OBTUVO,OBTUVO,1
GRACIAS,GRACIAS,1
APORTE,APORTE,1
QUIEREN,QUIEREN,1
PARTE,PARTE,1
TEXTO,TEXTO,1
BASE,BASE,1
BUSCAR,BUSCAR,1
DI√ÅLOGO,DI√ÅLOGO,1
FINAL,FINAL,1
PONEMOS,PONEMOS,1
DISPOSICI√ìN,DISPOSICI√ìN,1
CIERRO,CIERRO,1
HILO,HILO,1
IMPRESIONES,IMPRESIONES,1
ACERCA,ACERCA,1
DIEZ,DIEZ,1
DIFUNDIERON,DIFUNDIERON,1
CUMPLIR,CUMPLIR,1
OBLIGACIONES,OBLIGACIONES,1
REQUERIR√Å,REQUERIR√Å,1
DADA,DADA,1
ENORME,ENORME,1
TOMADA,TOMADA,1
PROCESO,PROCESO,1
REORDENAMIENTO,REORDENAMIENTO,1
SERIO,SERIO,1
FECHAS,FECHAS,1
VENCIMIENTO,VENCIMIENTO,1
ADEUDADO,ADEUDADO,1
HECHO,HECHO,1
RECONOCIDO,RECONOCIDO,1
PROPIO,PROPIO,1
ORGANISMO,ORGANISMO,1
MERCADO,MERCADO,1
DEBE,DEBE,1
ALTERADA,ALTERADA,1
CUMPLIMIENTO,CUMPLIMIENTO,1
ACREEDORES,ACREEDORES,1
ACUERDO,ACUERDO,1
BUSCA,BUSCA,1
GENERAR,GENERAR,1
COMPROMISO,COMPROMISO,1
OFICIALISMO,OFICIALISMO,1
OPOSICI√ìN,OPOSICI√ìN,1
SOCIEDAD,SOCIEDAD,1
MEDIO,MEDIO,1
CRISIS,CRISIS,1
DEMANDA,DEMANDA,1
CERTEZAS,CERTEZAS,1
DICHO,DICHO,1
IMPORTANCIA,IMPORTANCIA,1
TRES,TRES,1
PUEDEN,PUEDEN,1
DESARROLLAR,DESARROLLAR,1
ENCUENTRO,ENCUENTRO,1
VAC√çOS,VAC√çOS,1
CONTENIDO,CONTENIDO,1
ARGUMENTOS,ARGUMENTOS,1
DIRECCI√ìN,DIRECCI√ìN,1
ALGUNA,ALGUNA,1
EJERZA,EJERZA,1
DISCRECIONALIDAD,DISCRECIONALIDAD,1
DESTINADA,DESTINADA,1
DISCIPLINAMIENTO,DISCIPLINAMIENTO,1
POL√çTICO,POL√çTICO,1
ASEGURAR,ASEGURAR,1
SISTEMA,SISTEMA,1
ESTAD√çSTICAS,ESTAD√çSTICAS,1
TRANSPARENTE,TRANSPARENTE,1
CONFIABLE,CONFIABLE,1
ELABORADO,ELABORADO,1
FORMA,FORMA,1
PROFESIONAL,PROFESIONAL,1
INDEPENDIENTE,INDEPENDIENTE,1
PRODUCTOS,PRODUCTOS,1
MASIVOS,MASIVOS,1
IVA,IVA,1
INVERSIONES,INVERSIONES,1
EMPLEO,EMPLEO,1
PYMES,PYMES,1
CONSOLIDACI√ìN,CONSOLIDACI√ìN,1
PREVISIONAL,PREVISIONAL,1
SOSTENIBLE,SOSTENIBLE,1
EQUITATIVO,EQUITATIVO,1
FEDERAL,FEDERAL,1
BASADO,BASADO,1
REGLAS,REGLAS,1
CLARAS,CLARAS,1
PERMITAN,PERMITAN,1
PROVINCIAS,PROVINCIAS,1
IMPIDA,IMPIDA,1
REDUCCI√ìN,REDUCCI√ìN,1
CARGA,CARGA,1
IMPOSITIVA,IMPOSITIVA,1
NIVEL,NIVEL,1
PROVINCIAL,PROVINCIAL,1
MUNICIPAL,MUNICIPAL,1
ENFOCADO,ENFOCADO,1
IMPUESTOS,IMPUESTOS,1
DISTORSIVOS,DISTORSIVOS,1
VEZ,VEZ,1
MERA,MERA,1
FRASE,FRASE,1
VAC√çA,VAC√çA,1
CONCRETO,CONCRETO,1
REBAJA,REBAJA,1
INDIRECTOS,INDIRECTOS,1
Q,Q,1
REGRESIVOS,REGRESIVOS,1
EST√çMULO,EST√çMULO,1
INVERSI√ìN,INVERSI√ìN,1
URGENTE,URGENTE,1
CREACI√ìN,CREACI√ìN,1
TRAV√âS,TRAV√âS,1
LEGISLACI√ìN,LEGISLACI√ìN,1
MODERNA,MODERNA,1
CREA,CREA,1
SOLO,SOLO,1
CRECE,CRECE,1
ESTABLE,ESTABLE,1
CONTEXTO,CONTEXTO,1
AYUDA,AYUDA,1
MEJORA,MEJORA,1
PRODUCTIVIDAD,PRODUCTIVIDAD,1
RESPETO,RESPETO,1
CONTRATOS,CONTRATOS,1
ADQUIRIDOS,ADQUIRIDOS,1
FIN,FIN,1
CONSOLIDAR,CONSOLIDAR,1
SEGURIDAD,SEGURIDAD,1
JUR√çDICA,JUR√çDICA,1
ELEMENTO,ELEMENTO,1
CLAVE,CLAVE,1
PROMOVER,PROMOVER,1
EXISTAN,EXISTAN,1
D,D,1
DEBEN,DEBEN,1
EXISTIR,EXISTIR,1
CONDICIONES,CONDICIONES,1
JUSTIFIQUEN,JUSTIFIQUEN,1
@SergioMassa,@SergioMassa,0
BUENTELEFE,BUENTELEFE,1
PUENTEADRIAN,PUENTEADRIAN,1
ERIFONTANA,ERIFONTANA,1
JONATANVIALE,JONATANVIALE,1
BUENMI√âRCOLES,BUENMI√âRCOLES,1
CLARO,CLARO,1
ALCANZA,ALCANZA,1
CARTA,CARTA,1
ABIERTA,ABIERTA,1
PIDIENDO,PIDIENDO,1
CHEQUE,CHEQUE,1
BLANCO,BLANCO,1
RECONOCER,RECONOCER,1
ERRORES,ERRORES,1
SALIR,SALIR,1
FENOMENAL,FENOMENAL,1
HAYALTERNATIVA,HAYALTERNATIVA,1
DEFENDERLAARGENTINA,DEFENDERLAARGENTINA,1
PROPONE,PROPONE,1
DARLE,DARLE,1
RESPUESTAS,RESPUESTAS,1
PIERDEN,PIERDEN,1
PARTICIPANDO,PARTICIPANDO,1
NOTOCIERO,NOTOCIERO,1
POD√âS,POD√âS,1
PROGRAMA,PROGRAMA,1
DEFENDERLAMEMORIA,DEFENDERLAMEMORIA,1
RESCATAMOS,RESCATAMOS,1
VIGENTE,VIGENTE,1
MENSAJE,MENSAJE,1
SOLIDARIDAD,SOLIDARIDAD,1
SENSIBILIDAD,SENSIBILIDAD,1
CONSTRUCCI√ìN,CONSTRUCCI√ìN,1
ALTERNATIVA,ALTERNATIVA,1
DESCONOCE,DESCONOCE,1
VALORES,VALORES,1
BENEFICIANDO,BENEFICIANDO,1
PERJUDICANDO,PERJUDICANDO,1
MAYOR√çA,MAYOR√çA,1
VISITAR,VISITAR,1
LOSTOLDOS,LOSTOLDOS,1
NACI√ì,NACI√ì,1
LOGR√ì,LOGR√ì,1
TRASCENDER,TRASCENDER,1
PROPIA,PROPIA,1
IMAGEN,IMAGEN,1
PARTIDO,PARTIDO,1
PERONISMO,PERONISMO,1
VERDADERO,VERDADERO,1
ORGULLO,ORGULLO,1
DEFENDER,DEFENDER,1
ENCARN√ì,ENCARN√ì,1
ARGENTINAS,ARGENTINAS,1
RT,RT,1
FRENTERENOVADOR,FRENTERENOVADOR,1
DISTINTOS,DISTINTOS,1
FRACAS√ì,FRACAS√ì,1
GRALPINTO,GRALPINTO,1
VISIT√â,VISIT√â,1
FABRICA,FABRICA,1
QUESOS,QUESOS,1
RODEMAR,RODEMAR,1
PYME,PYME,1
TRAYECTORIA,TRAYECTORIA,1
IGUAL,IGUAL,1
SUFRE,SUFRE,1
INSENSIBILIDAD,INSENSIBILIDAD,1
BRINDA,BRINDA,1
INCENTIVOS,INCENTIVOS,1
INVIRTIENDO,INVIRTIENDO,1
ùóòùó©ùóúùóßùóî,ùóòùó©ùóúùóßùóî,1
ùó¶ùóúùóòùó†ùó£ùó•ùóò,ùó¶ùóúùóòùó†ùó£ùó•ùóò,1
ùó£ùó•ùóòùó¶ùóòùó°ùóßùóò,ùó£ùó•ùóòùó¶ùóòùó°ùóßùóò,1
DEFENSA,DEFENSA,1
IGUALDAD,IGUALDAD,1
OPORTUNIDADES,OPORTUNIDADES,1
SUE√ëO,SUE√ëO,1
MEJOR,MEJOR,1
LUNESINTRATABLES,LUNESINTRATABLES,1
CA√çDA,CA√çDA,1
PICADA,PICADA,1
CONSECUENCIA,CONSECUENCIA,1
CLARA,CLARA,1
EQUIVOC√ì,EQUIVOC√ì,1
ECON√ìMICO,ECON√ìMICO,1
PAGANDO,PAGANDO,1
SUPO,SUPO,1
JUBILADOS,JUBILADOS,1
ERROR,ERROR,1
DEBI√ì,DEBI√ì,1
ASUMIDO,ASUMIDO,1
HABLANDO,HABLANDO,1
FABDOMAN,FABDOMAN,1
EQUIPO,EQUIPO,1
AMERICATV,AMERICATV,1
MIRALO,MIRALO,1
LAMIRADA,LAMIRADA,1
DEBER√çA,DEBER√çA,1
LEER,LEER,1
BIS,BIS,1
CONSTITUCI√ìN,CONSTITUCI√ìN,1
TRABAJO,TRABAJO,1
SOCIAL,SOCIAL,1
HERRAMIENTAS,HERRAMIENTAS,1
CLAVES,CLAVES,1
SACAR,SACAR,1
ADELANTE,ADELANTE,1
SIENDO,SIENDO,1
DESPRECIADAS,DESPRECIADAS,1
MESA,MESA,1
SERIA,SERIA,1
DEFINAMOS,DEFINAMOS,1
M√çNIMO,M√çNIMO,1
MARCO,MARCO,1
P√öBLICAS,P√öBLICAS,1
PLANTE√ì,PLANTE√ì,1
22HS,22HS,1
VOY,VOY,1
CONVERSANDO,CONVERSANDO,1
ROBERTO,ROBERTO,1
GARCIA,GARCIA,1
LAMIRADARG,LAMIRADARG,1
CANAL26,CANAL26,1
PODES,PODES,1
DMVASCO,DMVASCO,1
LAMATANZA,LAMATANZA,1
COMPART√ç,COMPART√ç,1
INTEGRANTES,INTEGRANTES,1
CICMSOCIAL,CICMSOCIAL,1
IDEAS,IDEAS,1
PROPUESTAS,PROPUESTAS,1
BENEFICIA,BENEFICIA,1
ESPECULAN,ESPECULAN,1
CASTIGA,CASTIGA,1
ESFUERZAN,ESFUERZAN,1
INVIERTEN,INVIERTEN,1
GENERAN,GENERAN,1
